<?xml version="1.0" encoding="UTF-8"?>
<project-private xmlns="http://www.netbeans.org/ns/project-private/1">
    <editor-bookmarks xmlns="http://www.netbeans.org/ns/editor-bookmarks/2" lastBookmarkId="0"/>
    <open-files xmlns="http://www.netbeans.org/ns/projectui-open-files/2">
        <group>
            <file>file:/D:/java/Socio/src/userhome.java</file>
            <file>file:/D:/java/Socio/src/user_add_story.java</file>
            <file>file:/D:/java/Socio/src/startserver.java</file>
            <file>file:/D:/java/Socio/src/MyWebServerClass.java</file>
            <file>file:/D:/java/Socio/src/home_pannel_design.java</file>
            <file>file:/D:/java/Socio/src/User_Show_Stories.java</file>
        </group>
    </open-files>
</project-private>
